file	label	title	license	source
screenshot_00.jpg	screenshot	2022-12-08-Cell-Broadcast-Screenshot-iPhone13Pro.png	CC BY-SA 4.0	https://commons.wikimedia.org/wiki/File:2022-12-08-Cell-Broadcast-Screenshot-iPhone13Pro.png
screenshot_01.jpg	screenshot	Aarogya Setu App.jpg	Apache License 2.0	https://commons.wikimedia.org/wiki/File:Aarogya_Setu_App.jpg
screenshot_02.jpg	screenshot	AlterGeo-iPhone-ProfilePlace1.PNG	Public domain	https://commons.wikimedia.org/wiki/File:AlterGeo-iPhone-ProfilePlace1.PNG
screenshot_04.jpg	screenshot	Apple News iOS 13 Dark Mode.png	Public domain	https://commons.wikimedia.org/wiki/File:Apple_News_iOS_13_Dark_Mode.png
screenshot_05.jpg	screenshot	Apple News iOS 2019.PNG	Public domain	https://commons.wikimedia.org/wiki/File:Apple_News_iOS_2019.PNG
screenshot_06.jpg	screenshot	Apple News Quartiles game.jpg	Public domain	https://commons.wikimedia.org/wiki/File:Apple_News_Quartiles_game.jpg
screenshot_08.jpg	screenshot	Calorie Intake Plan for Fall 2014, Breezing iOS App.png	CC BY-SA 4.0	https://commons.wikimedia.org/wiki/File:Calorie_Intake_Plan_for_Fall_2014,_Breezing_iOS_App.png
meme_00.jpg	meme	Addio.png	CC BY-SA 4.0	https://commons.wikimedia.org/wiki/File:Addio.png
meme_01.jpg	meme	Alim Khan Meme.jpg	Public domain	https://commons.wikimedia.org/wiki/File:Alim_Khan_Meme.jpg
meme_02.jpg	meme	Bad Bach.png	CC BY-SA 3.0	https://commons.wikimedia.org/wiki/File:Bad_Bach.png
meme_06.jpg	meme	Goethe (Stieler 1828)-Meme.jpg	Public domain	https://commons.wikimedia.org/wiki/File:Goethe_(Stieler_1828)-Meme.jpg
meme_07.jpg	meme	Ingenuity memes 03.jpg	Public domain	https://commons.wikimedia.org/wiki/File:Ingenuity_memes_03.jpg
meme_08.jpg	meme	Ingenuity memes 04.jpg	Public domain	https://commons.wikimedia.org/wiki/File:Ingenuity_memes_04.jpg
document_00.jpg	document	2007.08.15.Kassazettel.WienerWasser.JPG	Public domain	https://commons.wikimedia.org/wiki/File:2007.08.15.Kassazettel.WienerWasser.JPG
document_01.jpg	document	2015-03-09 Dalbath Receipt of Yin Yang Restaurant in Thamel, Kathmandu, Nepal ダルバート DSCF6295.JPG	CC BY-SA 4.0	https://commons.wikimedia.org/wiki/File:2015-03-09_Dalbath_Receipt_of_Yin_Yang_Restaurant_in_Thamel,_Kathmandu,_Nepal_%E3%83%80%E3%83%AB%E3%83%90%E3%83%BC%E3%83%88_DSCF6295.JPG
document_04.jpg	document	2018 Legal Recreational Cannabis Purchase in Canada (44672461005).jpg	CC BY-SA 2.0	https://commons.wikimedia.org/wiki/File:2018_Legal_Recreational_Cannabis_Purchase_in_Canada_(44672461005).jpg
document_05.jpg	document	Abbott and Holder receipt - 21 August 1969.jpg	Public domain	https://commons.wikimedia.org/wiki/File:Abbott_and_Holder_receipt_-_21_August_1969.jpg
document_06.jpg	document	Asaph Churchill Receipt December 2, 1793 - NARA - 192843.jpg	Public domain	https://commons.wikimedia.org/wiki/File:Asaph_Churchill_Receipt_December_2,_1793_-_NARA_-_192843.jpg
document_07.jpg	document	Barth Broader Receipt January 27, 1706 - NARA - 192852.jpg	Public domain	https://commons.wikimedia.org/wiki/File:Barth_Broader_Receipt_January_27,_1706_-_NARA_-_192852.jpg
document_08.jpg	document	Benjamin Hollowell Receipt May 30, 1760 - NARA - 192858.jpg	Public domain	https://commons.wikimedia.org/wiki/File:Benjamin_Hollowell_Receipt_May_30,_1760_-_NARA_-_192858.jpg
event_00.jpg	event	"Спиритический сеанс".jpg	CC BY-SA 4.0	https://commons.wikimedia.org/wiki/File:%22%D0%A1%D0%BF%D0%B8%D1%80%D0%B8%D1%82%D0%B8%D1%87%D0%B5%D1%81%D0%BA%D0%B8%D0%B9_%D1%81%D0%B5%D0%B0%D0%BD%D1%81%22.jpg
event_03.jpg	event	42-års kalas;-) (5271166546).jpg	CC BY-SA 2.0	https://commons.wikimedia.org/wiki/File:42-%C3%A5rs_kalas;-)_(5271166546).jpg
event_04.jpg	event	Ada Lovelace 200th Birthday Party.jpg	CC BY-SA 4.0	https://commons.wikimedia.org/wiki/File:Ada_Lovelace_200th_Birthday_Party.jpg
event_05.jpg	event	Anniversaire 3.jpg	CC BY-SA 4.0	https://commons.wikimedia.org/wiki/File:Anniversaire_3.jpg
event_07.jpg	event	Aug-sept 2009--b-days, wave pool, dancing 086.jpg	CC BY-SA 4.0	https://commons.wikimedia.org/wiki/File:Aug-sept_2009--b-days,_wave_pool,_dancing_086.jpg
event_08.jpg	event	Back view of a kid blowing candles at birthday party.jpg	CC BY 2.0	https://commons.wikimedia.org/wiki/File:Back_view_of_a_kid_blowing_candles_at_birthday_party.jpg
event_09.jpg	event	Birtday celibration Nepali village child.jpg	CC BY-SA 4.0	https://commons.wikimedia.org/wiki/File:Birtday_celibration_Nepali_village_child.jpg
person_00.jpg	person	"Anasín Moanína, 11.05.20, Radolfzell, Deutschland.jpg".jpg	CC BY-SA 4.0	https://commons.wikimedia.org/wiki/File:%22Anas%C3%ADn_Moan%C3%ADna,_11.05.20,_Radolfzell,_Deutschland.jpg%22.jpg
person_01.jpg	person	"Are you really catching Me?" (147038811).jpg	CC BY 2.0	https://commons.wikimedia.org/wiki/File:%22Are_you_really_catching_Me%3F%22_(147038811).jpg
person_02.jpg	person	'Anasín Moanína, 26.02.20, Radolfzell, Deutschland.jpg'.jpg	CC BY-SA 4.0	https://commons.wikimedia.org/wiki/File:%27Anas%C3%ADn_Moan%C3%ADna,_26.02.20,_Radolfzell,_Deutschland.jpg%27.jpg
person_03.jpg	person	000 Galina Ch.jpg	CC BY-SA 4.0	https://commons.wikimedia.org/wiki/File:000_Galina_Ch.jpg
person_04.jpg	person	00000PORTRAIT 00000 BURST20190711153456770.jpg	CC BY-SA 4.0	https://commons.wikimedia.org/wiki/File:00000PORTRAIT_00000_BURST20190711153456770.jpg
person_05.jpg	person	01 Elena Folk.jpg	CC BY-SA 4.0	https://commons.wikimedia.org/wiki/File:01_Elena_Folk.jpg
person_07.jpg	person	0146Baliuag San Rafael Bulacan 36.jpg	CC0	https://commons.wikimedia.org/wiki/File:0146Baliuag_San_Rafael_Bulacan_36.jpg
landscape_01.jpg	landscape	2007 10 Berninabahn 041540.jpg	CC BY-SA 3.0	https://commons.wikimedia.org/wiki/File:2007_10_Berninabahn_041540.jpg
landscape_02.jpg	landscape	4טסנפלאורון.jpg	CC BY-SA 4.0	https://commons.wikimedia.org/wiki/File:4%D7%98%D7%A1%D7%A0%D7%A4%D7%9C%D7%90%D7%95%D7%A8%D7%95%D7%9F.jpg
landscape_03.jpg	landscape	Aletsch-Gletscher-Blick bei Halbmarathon 2020.jpg	CC BY-SA 4.0	https://commons.wikimedia.org/wiki/File:Aletsch-Gletscher-Blick_bei_Halbmarathon_2020.jpg
landscape_04.jpg	landscape	Blick von Wädenswil nach Osten über den Zürichsee zu den Alpen (u.a. Alpsteinmassiv und Speer) bei Sonnenaufgang 2018.jpg	CC BY-SA 4.0	https://commons.wikimedia.org/wiki/File:Blick_von_W%C3%A4denswil_nach_Osten_%C3%BCber_den_Z%C3%BCrichsee_zu_den_Alpen_(u.a._Alpsteinmassiv_und_Speer)_bei_Sonnenaufgang_2018.jpg
landscape_05.jpg	landscape	Borne frontière Neuchâtel-Bern BE010.jpg	CC BY-SA 4.0	https://commons.wikimedia.org/wiki/File:Borne_fronti%C3%A8re_Neuch%C3%A2tel-Bern_BE010.jpg
landscape_06.jpg	landscape	Brenay wildernder Bach.jpg	CC BY-SA 4.0	https://commons.wikimedia.org/wiki/File:Brenay_wildernder_Bach.jpg
landscape_09.jpg	landscape	Cloudy Swiss hill 2.png	CC BY-SA 4.0	https://commons.wikimedia.org/wiki/File:Cloudy_Swiss_hill_2.png
other_00.jpg	other	2014-07-03 13.56.10 Locos Mayo.jpg	CC BY-SA 4.0	https://commons.wikimedia.org/wiki/File:2014-07-03_13.56.10_Locos_Mayo.jpg
other_01.jpg	other	20190725-WA0002.jpg	CC BY-SA 4.0	https://commons.wikimedia.org/wiki/File:20190725-WA0002.jpg
other_02.jpg	other	20211128-WA0110.jpg	CC BY-SA 4.0	https://commons.wikimedia.org/wiki/File:20211128-WA0110.jpg
other_03.jpg	other	20260915 Blood sausage in Minsk (17909).jpg	CC BY 4.0	https://commons.wikimedia.org/wiki/File:20260915_Blood_sausage_in_Minsk_(17909).jpg
other_06.jpg	other	AgriculturaUrbana-18 3964.jpg	CC BY-SA 4.0	https://commons.wikimedia.org/wiki/File:AgriculturaUrbana-18_3964.jpg
other_07.jpg	other	Aneka Makanan Enak di Tempa.jpg	CC BY-SA 4.0	https://commons.wikimedia.org/wiki/File:Aneka_Makanan_Enak_di_Tempa.jpg
other_08.jpg	other	Bandeja de comida típica Panamá.jpg	CC BY-SA 4.0	https://commons.wikimedia.org/wiki/File:Bandeja_de_comida_t%C3%ADpica_Panam%C3%A1.jpg
